Taille,ARN_Insertion_Aleatoire,ABR_Insertion_Aleatoire,ARN_Insertion_Trie,ABR_Insertion_Trie,ARN_Recherche,ABR_Recherche
1000000,0.1346058,0.0943274,0.0529629,0.2798231,0.0810016,0.7679939
10000000,0.9117944,0.6247936,0.5815513,2.4630019,0.7267897,4.9732348
100000000,5.1884314,4.3706024,4.0718608,13.6804649,4.1437689,49.3190753
