Taille,ARN_Insertion_Aleatoire,ABR_Insertion_Aleatoire,ARN_Insertion_Trie,ABR_Insertion_Trie,ARN_Recherche,ABR_Recherche
1000000,0.1297051,0.0650735,0.042346,0.1966304,0.0774228,0.5240254
10000000,0.602571,0.5203176,0.2894816,1.7458206,0.7647646,3.9995748
100000000,6.8478133,4.569227,2.2833264,11.6758488,5.7024017,38.9753584
